{
    "name": "root",
    "gauges": {
        "CarControllerAgent.Policy.Entropy.mean": {
            "value": 1.4960002899169922,
            "min": 1.4960002899169922,
            "max": 1.4960002899169922,
            "count": 1
        },
        "CarControllerAgent.Policy.Entropy.sum": {
            "value": 26808.32421875,
            "min": 26808.32421875,
            "max": 26808.32421875,
            "count": 1
        },
        "CarControllerAgent.Step.mean": {
            "value": 37449996.0,
            "min": 37449996.0,
            "max": 37449996.0,
            "count": 1
        },
        "CarControllerAgent.Step.sum": {
            "value": 37449996.0,
            "min": 37449996.0,
            "max": 37449996.0,
            "count": 1
        },
        "CarControllerAgent.Policy.ExtrinsicValueEstimate.mean": {
            "value": -2.0378823280334473,
            "min": -2.0378823280334473,
            "max": -2.0378823280334473,
            "count": 1
        },
        "CarControllerAgent.Policy.ExtrinsicValueEstimate.sum": {
            "value": -556.3418579101562,
            "min": -556.3418579101562,
            "max": -556.3418579101562,
            "count": 1
        },
        "CarControllerAgent.Losses.PolicyLoss.mean": {
            "value": 0.02399403147512313,
            "min": 0.02399403147512313,
            "max": 0.02399403147512313,
            "count": 1
        },
        "CarControllerAgent.Losses.PolicyLoss.sum": {
            "value": 0.02399403147512313,
            "min": 0.02399403147512313,
            "max": 0.02399403147512313,
            "count": 1
        },
        "CarControllerAgent.Losses.ValueLoss.mean": {
            "value": 1.6446046522169402,
            "min": 1.6446046522169402,
            "max": 1.6446046522169402,
            "count": 1
        },
        "CarControllerAgent.Losses.ValueLoss.sum": {
            "value": 1.6446046522169402,
            "min": 1.6446046522169402,
            "max": 1.6446046522169402,
            "count": 1
        },
        "CarControllerAgent.Policy.LearningRate.mean": {
            "value": 0.00015958471305511126,
            "min": 0.00015958471305511126,
            "max": 0.00015958471305511126,
            "count": 1
        },
        "CarControllerAgent.Policy.LearningRate.sum": {
            "value": 0.00015958471305511126,
            "min": 0.00015958471305511126,
            "max": 0.00015958471305511126,
            "count": 1
        },
        "CarControllerAgent.Policy.Epsilon.mean": {
            "value": 0.15319488875,
            "min": 0.15319488875,
            "max": 0.15319488875,
            "count": 1
        },
        "CarControllerAgent.Policy.Epsilon.sum": {
            "value": 0.15319488875,
            "min": 0.15319488875,
            "max": 0.15319488875,
            "count": 1
        },
        "CarControllerAgent.Policy.Beta.mean": {
            "value": 0.0026644249486250005,
            "min": 0.0026644249486250005,
            "max": 0.0026644249486250005,
            "count": 1
        },
        "CarControllerAgent.Policy.Beta.sum": {
            "value": 0.0026644249486250005,
            "min": 0.0026644249486250005,
            "max": 0.0026644249486250005,
            "count": 1
        },
        "CarControllerAgent.Environment.EpisodeLength.mean": {
            "value": 744.5,
            "min": 744.5,
            "max": 744.5,
            "count": 1
        },
        "CarControllerAgent.Environment.EpisodeLength.sum": {
            "value": 1489.0,
            "min": 1489.0,
            "max": 1489.0,
            "count": 1
        },
        "CarControllerAgent.Environment.CumulativeReward.mean": {
            "value": 12.505501262843609,
            "min": 12.505501262843609,
            "max": 12.505501262843609,
            "count": 1
        },
        "CarControllerAgent.Environment.CumulativeReward.sum": {
            "value": 25.011002525687218,
            "min": 25.011002525687218,
            "max": 25.011002525687218,
            "count": 1
        },
        "CarControllerAgent.Policy.ExtrinsicReward.mean": {
            "value": 12.505501262843609,
            "min": 12.505501262843609,
            "max": 12.505501262843609,
            "count": 1
        },
        "CarControllerAgent.Policy.ExtrinsicReward.sum": {
            "value": 25.011002525687218,
            "min": 25.011002525687218,
            "max": 25.011002525687218,
            "count": 1
        },
        "CarControllerAgent.IsTraining.mean": {
            "value": 1.0,
            "min": 1.0,
            "max": 1.0,
            "count": 1
        },
        "CarControllerAgent.IsTraining.sum": {
            "value": 1.0,
            "min": 1.0,
            "max": 1.0,
            "count": 1
        }
    },
    "metadata": {
        "timer_format_version": "0.1.0",
        "start_time_seconds": "1669043979",
        "python_version": "3.9.6 (tags/v3.9.6:db3ff76, Jun 28 2021, 15:26:21) [MSC v.1929 64 bit (AMD64)]",
        "command_line_arguments": "C:\\Users\\Jose Carlos\\AppData\\Local\\Programs\\Python\\Python39\\Scripts\\mlagents-learn --resume E:\\Git\\MLAgents\\carConfig.yaml --run-id=Car",
        "mlagents_version": "0.29.0",
        "mlagents_envs_version": "0.29.0",
        "communication_protocol_version": "1.5.0",
        "pytorch_version": "1.7.1+cu110",
        "numpy_version": "1.21.2",
        "end_time_seconds": "1669044101"
    },
    "total": 121.5113213,
    "count": 1,
    "self": 0.04089770000001636,
    "children": {
        "run_training.setup": {
            "total": 0.3477497000000005,
            "count": 1,
            "self": 0.3477497000000005
        },
        "TrainerController.start_learning": {
            "total": 121.1226739,
            "count": 1,
            "self": 0.023755900000054453,
            "children": {
                "TrainerController._reset_env": {
                    "total": 10.9109376,
                    "count": 1,
                    "self": 10.9109376
                },
                "TrainerController.advance": {
                    "total": 109.89851729999995,
                    "count": 1646,
                    "self": 0.020601899999846296,
                    "children": {
                        "env_step": {
                            "total": 103.70240300000013,
                            "count": 1646,
                            "self": 98.82369320000029,
                            "children": {
                                "SubprocessEnvManager._take_step": {
                                    "total": 4.864308099999896,
                                    "count": 1646,
                                    "self": 0.082411399999895,
                                    "children": {
                                        "TorchPolicy.evaluate": {
                                            "total": 4.781896700000001,
                                            "count": 1641,
                                            "self": 0.9623146999999577,
                                            "children": {
                                                "TorchPolicy.sample_actions": {
                                                    "total": 3.819582000000043,
                                                    "count": 1641,
                                                    "self": 3.819582000000043
                                                }
                                            }
                                        }
                                    }
                                },
                                "workers": {
                                    "total": 0.014401699999936568,
                                    "count": 1645,
                                    "self": 0.0,