{
    "name": "root",
    "gauges": {
        "CarControllerAgent.Policy.Entropy.mean": {
            "value": 0.6544213891029358,
            "min": 0.6179407835006714,
            "max": 0.9433123469352722,
            "count": 6
        },
        "CarControllerAgent.Policy.Entropy.sum": {
            "value": 33077.73046875,
            "min": 30907.544921875,
            "max": 36452.41796875,
            "count": 6
        },
        "CarControllerAgent.Step.mean": {
            "value": 1849952.0,
            "min": 1599937.0,
            "max": 1849952.0,
            "count": 6
        },
        "CarControllerAgent.Step.sum": {
            "value": 1849952.0,
            "min": 1599937.0,
            "max": 1849952.0,
            "count": 6
        },
        "CarControllerAgent.Policy.ExtrinsicValueEstimate.mean": {
            "value": 4.630183219909668,
            "min": 2.8535802364349365,
            "max": 4.683643341064453,
            "count": 6
        },
        "CarControllerAgent.Policy.ExtrinsicValueEstimate.sum": {
            "value": 4204.20654296875,
            "min": 1843.412841796875,
            "max": 4248.064453125,
            "count": 6
        },
        "CarControllerAgent.Environment.EpisodeLength.mean": {
            "value": 279.0220994475138,
            "min": 277.98324022346367,
            "max": 499.9594594594595,
            "count": 6
        },
        "CarControllerAgent.Environment.EpisodeLength.sum": {
            "value": 50503.0,
            "min": 36997.0,
            "max": 50503.0,
            "count": 6
        },
        "CarControllerAgent.Environment.CumulativeReward.mean": {
            "value": 15.091704323050681,
            "min": 10.508829012915895,
            "max": 15.16402253525217,
            "count": 6
        },
        "CarControllerAgent.Environment.CumulativeReward.sum": {
            "value": 2686.3233695030212,
            "min": 777.6533469557762,
            "max": 2714.3600338101387,
            "count": 6
        },
        "CarControllerAgent.Policy.ExtrinsicReward.mean": {
            "value": 15.091704323050681,
            "min": 10.508829012915895,
            "max": 15.16402253525217,
            "count": 6
        },
        "CarControllerAgent.Policy.ExtrinsicReward.sum": {
            "value": 2686.3233695030212,
            "min": 777.6533469557762,
            "max": 2714.3600338101387,
            "count": 6
        },
        "CarControllerAgent.Losses.PolicyLoss.mean": {
            "value": 0.05017344750231132,
            "min": 0.047026058121118694,
            "max": 0.05205441569599012,
            "count": 6
        },
        "CarControllerAgent.Losses.PolicyLoss.sum": {
            "value": 0.2508672375115566,
            "min": 0.15107383399736135,
            "max": 0.2602720784799506,
            "count": 6
        },
        "CarControllerAgent.Losses.ValueLoss.mean": {
            "value": 1.1686218524972598,
            "min": 0.6929710996647676,
            "max": 1.187867618650198,
            "count": 6
        },
        "CarControllerAgent.Losses.ValueLoss.sum": {
            "value": 5.8431092624862995,
            "min": 2.0789132989943027,
            "max": 5.93933809325099,
            "count": 6
        },
        "CarControllerAgent.Policy.LearningRate.mean": {
            "value": 0.0002931418957860355,
            "min": 0.0002931418957860355,
            "max": 0.00029406698822767114,
            "count": 6
        },
        "CarControllerAgent.Policy.LearningRate.sum": {
            "value": 0.0014657094789301774,
            "min": 0.0008822009646830135,
            "max": 0.001469563892645372,
            "count": 6
        },
        "CarControllerAgent.Policy.Epsilon.mean": {
            "value": 0.19771396450000003,
            "min": 0.19771396450000003,
            "max": 0.19802232874999995,
            "count": 6
        },
        "CarControllerAgent.Policy.Epsilon.sum": {
            "value": 0.9885698225000001,
            "min": 0.5940669862499999,
            "max": 0.9898546274999999,
            "count": 6
        },
        "CarControllerAgent.Policy.Beta.mean": {
            "value": 0.00488592682855,
            "min": 0.00488592682855,
            "max": 0.0049013142046250005,
            "count": 6
        },
        "CarControllerAgent.Policy.Beta.sum": {
            "value": 0.024429634142749998,
            "min": 0.014703942613875,
            "max": 0.024493745912250002,
            "count": 6
        },
        "CarControllerAgent.IsTraining.mean": {
            "value": 1.0,
            "min": 1.0,
            "max": 1.0,
            "count": 6
        },
        "CarControllerAgent.IsTraining.sum": {
            "value": 1.0,
            "min": 1.0,
            "max": 1.0,
            "count": 6
        }
    },
    "metadata": {
        "timer_format_version": "0.1.0",
        "start_time_seconds": "1669853570",
        "python_version": "3.9.6 (tags/v3.9.6:db3ff76, Jun 28 2021, 15:26:21) [MSC v.1929 64 bit (AMD64)]",
        "command_line_arguments": "C:\\Users\\Jose Carlos\\AppData\\Local\\Programs\\Python\\Python39\\Scripts\\mlagents-learn --resume E:\\Git\\KartMicrogame\\carConfig3.yaml --run-id=Car3",
        "mlagents_version": "0.29.0",
        "mlagents_envs_version": "0.29.0",
        "communication_protocol_version": "1.5.0",
        "pytorch_version": "1.7.1+cu110",
        "numpy_version": "1.21.2",
        "end_time_seconds": "1669854182"
    },
    "total": 611.8617314999999,
    "count": 1,
    "self": 0.0038258999999243315,
    "children": {
        "run_training.setup": {
            "total": 0.1206316999999999,
            "count": 1,
            "self": 0.1206316999999999
        },
        "TrainerController.start_learning": {
            "total": 611.7372739,
            "count": 1,
            "self": 0.6462479000028907,
            "children": {
                "TrainerController._reset_env": {
                    "total": 7.027453899999999,
                    "count": 1,
                    "self": 7.027453899999999
                },
                "TrainerController.advance": {
                    "total": 603.9712928999973,
                    "count": 29691,
                    "self": 0.30893739999874015,
                    "children": {
                        "env_step": {
                            "total": 603.6623554999985,
                            "count": 29691,
                            "self": 444.14685820000335,
                            "children": {
                                "SubprocessEnvManager._take_step": {
                                    "total": 159.19843810000015,
                                    "count": 29691,
                                    "self": 1.6301274999927386,
                                    "children": {
                                        "TorchPolicy.evaluate": {
                                            "total": 157.5683106000074,
                                            "count": 28836,
                                            "self": 55.10970160000656,
                                            "children": {
                                                "TorchPolicy.sample_actions": {
                                                    "total": 102.45860900000085,
                                                    "count": 28836,
                                                    "self": 102.45860900000085
                                                }
                                            }
                                        }
                                    }
                                },
                                "workers": {
                                    "total": 0.31705919999501475,
                                    "count": 29690,
                                    "self": 0.0,