{"count":1,"self":18593.3889536,"total":52356.275253499996,"children":{"InitializeActuators":{"count":10,"self":0.0020003,"total":0.0020003,"children":null},"InitializeSensors":{"count":10,"self":0.0020001999999999997,"total":0.0020001999999999997,"children":null},"AgentSendState":{"count":19463652,"self":1410.4088576,"total":2315.853438,"children":{"CollectObservations":{"count":38927310,"self":62.931526399999996,"total":62.931526999999996,"children":null},"WriteActionMask":{"count":38927310,"self":22.993712,"total":22.9937115,"children":null},"RequestDecision":{"count":38927310,"self":206.69090559999998,"total":819.5193726,"children":{"AgentInfo.ToProto":{"count":38927310,"self":86.674495999999991,"total":612.8284732,"children":{"GenerateSensorData":{"count":38927310,"self":437.9551744,"total":526.1539779,"children":{"RayPerceptionSensor.Perceive":{"count":77854620,"self":88.1987968,"total":88.1987943,"children":null}}}}}}}}},"DecideAction":{"count":19463652,"self":30784.6742016,"total":30784.674298799997,"children":null},"AgentAct":{"count":19463652,"self":662.08291839999993,"total":662.082894,"children":null},"AgentInfo.ToProto":{"count":10548,"self":0.053999599999999995,"total":0.2711619,"children":{"GenerateSensorData":{"count":10548,"self":0.1711771,"total":0.2171623,"children":{"RayPerceptionSensor.Perceive":{"count":21096,"self":0.0459852,"total":0.0459852,"children":null}}}}}},"gauges":{"CarControllerAgent.CumulativeReward":{"count":10548,"max":31.9999886,"min":0.9232553,"runningAverage":31.7448578,"value":31.9999886,"weightedAverage":31.8898621}},"metadata":{"timer_format_version":"0.1.0","start_time_seconds":"1669260584","unity_version":"2021.3.11f1","command_line_arguments":"E:\\UnityHub\\2021.3.11f1\\Editor\\Unity.exe -projectpath E:\\Git\\MLAgents -useHub -hubIPC -cloudEnvironment production -licensingIpc LicenseClient-Anderson Paim -hubSessionId 4863e070-6879-11ed-99e0-47b899cbdcf7 -accessToken H9s9d0oMQByoowNg9kISAG4-tgwYkC7SbNiwIM4oV90004f","communication_protocol_version":"1.5.0","com.unity.ml-agents_version":"2.0.1","scene_name":"Example 2","end_time_seconds":"1669312940"}}