{"count":1,"self":240.83617279999999,"total":610.57692,"children":{"InitializeActuators":{"count":11,"self":0.0020001999999999997,"total":0.0020001999999999997,"children":null},"InitializeSensors":{"count":11,"self":0.0025015,"total":0.0025015,"children":null},"AgentSendState":{"count":144184,"self":25.4243888,"total":101.78625489999999,"children":{"CollectObservations":{"count":317207,"self":1.0887084999999999,"total":1.0887084999999999,"children":null},"WriteActionMask":{"count":317207,"self":0.3286386,"total":0.3286386,"children":null},"RequestDecision":{"count":317207,"self":2.4333804,"total":74.9445186,"children":{"AgentInfo.ToProto":{"count":317207,"self":1.7341891999999999,"total":72.511138199999991,"children":{"GenerateSensorData":{"count":317207,"self":69.9381824,"total":70.7769489,"children":{"RayPerceptionSensor.Perceive":{"count":634414,"self":0.8387654,"total":0.8387654,"children":null}}}}}}}}},"DecideAction":{"count":144184,"self":266.4646656,"total":266.4646557,"children":null},"AgentAct":{"count":144184,"self":1.1417865,"total":1.1417865,"children":null},"AgentInfo.ToProto":{"count":1065,"self":0.0075016,"total":0.3430534,"children":{"GenerateSensorData":{"count":1065,"self":0.3305491,"total":0.3355518,"children":{"RayPerceptionSensor.Perceive":{"count":2130,"self":0.0050027,"total":0.0050027,"children":null}}}}}},"gauges":{"CarControllerAgent.CumulativeReward":{"count":1065,"max":15.2099838,"min":-1.2166661,"runningAverage":14.7583981,"value":15.1799831,"weightedAverage":15.1771469}},"metadata":{"timer_format_version":"0.1.0","start_time_seconds":"1669853575","unity_version":"2021.3.11f1","command_line_arguments":"E:\\UnityHub\\2021.3.11f1\\Editor\\Unity.exe -projectpath E:\\Git\\KartMicrogame -useHub -hubIPC -cloudEnvironment production -licensingIpc LicenseClient-Anderson Paim -hubSessionId f2f91c20-6e7e-11ed-8146-2f83be835be5 -accessToken 5UVJtDUM5hyZ_RYXhG4RlZFtSEhkSaP0nYZuPz7c2ro004f","communication_protocol_version":"1.5.0","com.unity.ml-agents_version":"2.0.1","scene_name":"MainScene","end_time_seconds":"1669854186"}}