{
    "name": "root",
    "gauges": {
        "CarControllerAgent.Policy.Entropy.mean": {
            "value": 0.597078800201416,
            "min": 0.5724721550941467,
            "max": 1.5015662908554077,
            "count": 598
        },
        "CarControllerAgent.Policy.Entropy.sum": {
            "value": 29304.62890625,
            "min": 6723.33154296875,
            "max": 75018.6484375,
            "count": 598
        },
        "CarControllerAgent.Step.mean": {
            "value": 31649957.0,
            "min": 1799947.0,
            "max": 31649957.0,
            "count": 598
        },
        "CarControllerAgent.Step.sum": {
            "value": 31649957.0,
            "min": 1799947.0,
            "max": 31649957.0,
            "count": 598
        },
        "CarControllerAgent.Policy.ExtrinsicValueEstimate.mean": {
            "value": 5.0198750495910645,
            "min": 3.8419718742370605,
            "max": 5.19392204284668,
            "count": 598
        },
        "CarControllerAgent.Policy.ExtrinsicValueEstimate.sum": {
            "value": 4171.51611328125,
            "min": 312.2723693847656,
            "max": 4284.98583984375,
            "count": 598
        },
        "CarControllerAgent.IsTraining.mean": {
            "value": 1.0,
            "min": 1.0,
            "max": 1.0,
            "count": 598
        },
        "CarControllerAgent.IsTraining.sum": {
            "value": 1.0,
            "min": 1.0,
            "max": 1.0,
            "count": 598
        },
        "CarControllerAgent.Environment.EpisodeLength.mean": {
            "value": 510.21649484536084,
            "min": 501.1,
            "max": 698.7638888888889,
            "count": 597
        },
        "CarControllerAgent.Environment.EpisodeLength.sum": {
            "value": 49491.0,
            "min": 47390.0,
            "max": 52763.0,
            "count": 597
        },
        "CarControllerAgent.Environment.CumulativeReward.mean": {
            "value": 31.846956703811884,
            "min": 28.39687076220174,
            "max": 31.84952737301588,
            "count": 597
        },
        "CarControllerAgent.Environment.CumulativeReward.sum": {
            "value": 3121.0017569735646,
            "min": 2170.0770646482706,
            "max": 3184.952737301588,
            "count": 597
        },
        "CarControllerAgent.Policy.ExtrinsicReward.mean": {
            "value": 31.846956703811884,
            "min": 28.39687076220174,
            "max": 31.84952737301588,
            "count": 597
        },
        "CarControllerAgent.Policy.ExtrinsicReward.sum": {
            "value": 3121.0017569735646,
            "min": 2170.0770646482706,
            "max": 3184.952737301588,
            "count": 597
        },
        "CarControllerAgent.Losses.PolicyLoss.mean": {
            "value": 0.046928998516523275,
            "min": 0.044343010265535374,
            "max": 0.0532231469048808,
            "count": 597
        },
        "CarControllerAgent.Losses.PolicyLoss.sum": {
            "value": 0.1877159940660931,
            "min": 0.17816877068253234,
            "max": 0.266115734524404,
            "count": 597
        },
        "CarControllerAgent.Losses.ValueLoss.mean": {
            "value": 0.13196763672555487,
            "min": 0.052881045980999866,
            "max": 0.26183472239722805,
            "count": 597
        },
        "CarControllerAgent.Losses.ValueLoss.sum": {
            "value": 0.5278705469022195,
            "min": 0.21152418392399946,
            "max": 1.3091736119861404,
            "count": 597
        },
        "CarControllerAgent.Policy.LearningRate.mean": {
            "value": 0.0001814050276566706,
            "min": 0.0001814050276566706,
            "max": 0.00029315168853277123,
            "count": 597
        },
        "CarControllerAgent.Policy.LearningRate.sum": {
            "value": 0.0007256201106266824,
            "min": 0.0007256201106266824,
            "max": 0.001465758442663856,
            "count": 597
        },
        "CarControllerAgent.Policy.Epsilon.mean": {
            "value": 0.160468329375,
            "min": 0.160468329375,
            "max": 0.19771722874999997,
            "count": 597
        },
        "CarControllerAgent.Policy.Epsilon.sum": {
            "value": 0.6418733175,
            "min": 0.6418733175,
            "max": 0.9885861437499999,
            "count": 597
        },
        "CarControllerAgent.Policy.Beta.mean": {
            "value": 0.0030273696358124992,
            "min": 0.0030273696358124992,
            "max": 0.0048860897146249995,
            "count": 597
        },
        "CarControllerAgent.Policy.Beta.sum": {
            "value": 0.012109478543249997,
            "min": 0.012109478543249997,
            "max": 0.024430448573125,
            "count": 597
        }
    },
    "metadata": {
        "timer_format_version": "0.1.0",
        "start_time_seconds": "1669362920",
        "python_version": "3.9.6 (tags/v3.9.6:db3ff76, Jun 28 2021, 15:26:21) [MSC v.1929 64 bit (AMD64)]",
        "command_line_arguments": "C:\\Users\\Jose Carlos\\AppData\\Local\\Programs\\Python\\Python39\\Scripts\\mlagents-learn --resume E:\\Git\\MLAgents\\carConfig2.yaml --run-id=Car2",
        "mlagents_version": "0.29.0",
        "mlagents_envs_version": "0.29.0",
        "communication_protocol_version": "1.5.0",
        "pytorch_version": "1.7.1+cu110",
        "numpy_version": "1.21.2",
        "end_time_seconds": "1669399610"
    },
    "total": 36690.8818332,
    "count": 1,
    "self": 0.011982299998635426,
    "children": {
        "run_training.setup": {
            "total": 0.11767519999999987,
            "count": 1,
            "self": 0.11767519999999987
        },
        "TrainerController.start_learning": {
            "total": 36690.7521757,
            "count": 1,
            "self": 43.07920010009548,
            "children": {
                "TrainerController._reset_env": {
                    "total": 4.567286500000001,
                    "count": 1,
                    "self": 4.567286500000001
                },
                "TrainerController.advance": {
                    "total": 36643.036404799896,
                    "count": 2529270,
                    "self": 20.690495102360728,
                    "children": {
                        "env_step": {
                            "total": 36622.345909697535,
                            "count": 2529270,
                            "self": 26901.667894902348,
                            "children": {
                                "SubprocessEnvManager._take_step": {
                                    "total": 9698.632410498172,
                                    "count": 2529271,
                                    "self": 100.45147389606427,
                                    "children": {
                                        "TorchPolicy.evaluate": {
                                            "total": 9598.180936602108,
                                            "count": 2488317,
                                            "self": 2426.509838002452,
                                            "children": {
                                                "TorchPolicy.sample_actions": {
                                                    "total": 7171.671098599656,
                                                    "count": 2488317,
                                                    "self": 7171.671098599656
                                                }
                                            }
                                        }
                                    }
                                },
                                "workers": {
                                    "total": 22.04560429701239,
                                    "count": 2529269,
                                    "self": 0.0,